Frecuencia de Alcance,proporcion
1+,1
2+,0.9257128219
3+,0.8589801781
4+,0.8038375432
5+,0.7533290115
6+,0.7103038955
7+,0.6711739552